4230896,
4660162,
5201130,
7833608,
8408724,
9440034,
10920001,
11396063,
11414824,
12158972,
13052157,
13566142,
13874632,
15078956,
19316451,
20176202,
21136896,
21644170,
21705773,
22050041,
23198532,
25458205,
28658189,
35255227,
38391605,
47915333,
48246986,
48321252,
51608517,
53511315,
56284376,
56325813,
58051244,
59017446,
62052467,
63423491,
65477500,
69855492,
71781496,
73751210,
78401779,
80657826,
82096261,
83265233,
83778329,
84538558,
89201807,
89279525,
92200801,
96058233,
96245532,
100773490,
102687462,
103893879,
108514851,
113730931,
113781194,
114761269,
116003395,
117525316,
119975225,
121925890,
123144530,
127780208,
128708272,
130152623,
132307907,
133002223,
133976639,
134807910,
137017300,
140526360,
141876462,
142171505,
145580461,
146692680,
164650549,
165119060,
165752832,
166811422,
168340594,
168567949,
169262091,
174155477,
176579523,
177453069,
181858171,
183905252,
183970216,
187467272,
187592521,
188504457,
190742437,
193902006,
195612973,
205281300,
209694453,
212419331,
214256489,
214994714,
218626162,
218731612,
221561106,
222370470,
223848003,
225207296,
225279609,
228046793,
232321227,
234550869,
235959127,
236240652,
237585824,
241622916,
241960090,
241981544,
242323041,
244272872,
244542743,
251265861,
255574926,
262445750,
264670053,
265310088,
266545009,
270768474,
271477707,
273821077,
277355062,
277361940,
278523276,
279352326,
279505614,
280915897,
284161513,
285463580,
285520033,
285937160,
287838303,
288131836,
288880830,
292111357,
292119215,
296706795,
298953609,
301185084,
307353867,
311061975,
311787976,
313269143,
315345586,
315493861,
315946959,
317133077,
320039840,
331965613,
332981051,
333584011,
341466440,
343125013,
350244826,
354736734,
356019687,
363019201,
363111141,
364095202,
366289196,
366733539,
370101599,
370345950,
370382835,
373189855,
374087475,
377304528,
381268499,
381775873,
381840318,
381845556,
382327271,
386243856,
387547134,
389317788,
390477098,
391406035,
393133240,
394500330,
396485988,
399476899,
402856807,
403377113,
404297448,
407029339,
410470516,
413234043,
413277336,
414089850,
416567436,
418112521,
418160413,
423294391,
423494443,
423893372,
424681750,
425419386,
425448775,
439111786,
446588734,
450584223,
456884234,
460012151,
461985946,
464417802,
464730358,
466041282,
467100203,
467387818,
471268583,
472721497,
473690894,
474119196,
474398258,
477046067,
479745516,
481085649,
481328271,
481349252,
484064283,
485070356,
487149273,
488361610,
489390515,
490756167,
492061305,
492970318,
493783805,
496799138,
499752766,
500965842,
502625314,
504131718,
509351987,
511048165,
516976189,
518840199,
519482430,
520561951,
524034125,
529426863,
530078677,
536234496,
536426805,
536888496,
546532497,
548661428,
548938735,
551208530,
551917176,
553659401,
556355906,
558890065,
562836996,
562940307,
563849590,
564070913,
564345585,
566297112,
567738763,
568840706,
571690310,
571940783,
575820708,
577896291,
578266025,
578736881,
578927782,
579309001,
580187667,
581568298,
582746313,
584382591,
584815665,
585458590,
589824702,
590055681,
596588406,
597179370,
601550495,
602080693,
605095426,
606476704,
618668342,
621041720,
622490002,
623822882,
626242814,
626558548,
628123820,
630629066,
631016690,
635331310,
635699755,
636031843,
638606863,
639482164,
641738424,
645100676,
647301802,
647907758,
648596935,
648606631,
653757708,
655269528,
658463223,
658881577,
661360938,
662578899,
665206590,
665980697,
668702256,
670236667,
677938918,
693620404,
695164769,
697624428,
698218423,
700969332,
706381133,
707228061,
707409140,
708435186,
709130671,
711356934,
712243081,
712908074,
713599978,
715668658,
719037509,
720922086,
725064817,
726006529,
728269331,
732656207,
734306397,
736663049,
739613531,
740473424,
740552991,
743103976,
745085062,
747098314,
749727347,
750127073,
751649249,
752633415,
762236213,
763065654,
765586587,
771042455,
773042500,
775035121,
775087667,
777438512,
779541208,
781226880,
781379916,
781908254,
782622581,
783851186,
788962798,
791978325,
792506694,
797826925,
798049160,
801433085,
807960731,
812300883,
812727973,
819433527,
825784153,
828256270,
829900393,
831040824,
832316026,
835146749,
836718436,
850143584,
852170479,
853737459,
853965339,
855472218,
857834820,
858650026,
860057775,
860343505,
862401441,
862952749,
863996536,
865938665,
868542480,
870760219,
873096132,
876357009,
876553265,
877599305,
877735444,
879894499,
880452932,
881970359,
886020500,
888427941,
896187591,
898767368,
900735776,
901407095,
902095556,
902387069,
902620036,
902999875,
907840200,
909383875,
911514169,
914821816,
916098036,
919824280,
921537473,
922269357,
923619201,
929362958,
930654719,
936916885,
938884656,
939239063,
940207660,
941361943,
947112416,
956581178,
958049640,
959548855,
965257593,
968333224,
968798866,
969064567,
970460489,
974957692,
975322268,
976881249,
979728986,
980411061,
991684902,
993234553,
993340960,
993705571,
993967672,
994869876,
998481534,
1002380491,
1002974202,
1006230223,
1007017813,
1008880730,
1010272026,
1011407187,
1014376538,
1015164390,
1015298706,
1017387332,
1019382841,
1023944055,
1024391454,
1025727952,
1026400735,
1036050509,
1036270893,
1041030441,
1049127184,
1049329833,
1053618991,
1054092666,
1055491032,
1058091747,
1061383387,
1061432712,
1061600865,
1061826301,
1063103966,
1066667405,
1070123604,
1072763666,
1074982805,
1075193148,
1078176814,
1081288626,
1082600153,
1083731807,
1083822763,
1084167425,
1087247567,
1089548733,
1090671726,
1090959409,
1098322361,
1100341035,
1103920124,
1105658968,
1106926711,
1106950545,
1109680857,
1109825115,
1111572931,
1114694784,
1118204362,
1118314657,
1118786939,
1120702442,
1122240880,
1125437823,
1125668458,
1126905098,
1127541309,
1129356768,
1131462656,
1132746740,
1141387792,
1141841650,
1143641176,
1143805884,
1146778913,
1151308174,
1152061293,
1153374569,
1157137271,
1158588226,
1161989521,
1162056382,
1164849448,
1166815448,
1168635959,
1171753182,
1173446342,
1176753409,
1177291579,
1178568822,
1180453972,
1182122970,
1187754421,
1190698447,
1191572624,
1192697070,
1195235552,
1197007915,
1198784232,
1203613983,
1203697578,
1205582981,
1207505796,
1210132641,
1214961401,
1218730424,
1218743393,
1219315061,
1219602327,
1220187699,
1221984937,
1223405688,
1223498473,
1223856903,
1224302290,
1229032803,
1232775732,
1233267674,
1235028638,
1235947580,
1238359654,
1238556173,
1240035153,
1241839679,
1246455532,
1249209293,
1249726551,
1254028957,
1256426194,
1257381921,
1264482829,
1266267939,
1274288778,
1278990510,
1281269301,
1284372707,
1285627417,
1286971932,
1287273706,
1288045352,
1288863301,
1292141960,
1293025664,
1293650486,
1294647622,
1299898072,
1301661740,
1302471777,
1302706460,
1304186412,
1304644959,
1311005287,
1311142463,
1311885027,
1314418499,
1315448432,
1316913188,
1318370881,
1318886947,
1322102978,
1326742628,
1329122193,
1332037840,
1334006148,
1337213105,
1337366468,
1338498444,
1338537610,
1339549897,
1342191474,
1346323972,
1347124858,
1351197239,
1351649184,
1353591856,
1360627455,
1361540920,
1363107560,
1363243537,
1363620588,
1369458094,
1370593917,
1374295204,
1375567419,
1376388528,
1377863998,
1379880708,
1381894758,
1386704848,
1389577247,
1389911255,
1390392279,
1391833608,
1393085280,
1396326233,
1396661434,
1400946063,
1401715392,
1401922696,
1403427720,
1403595909,
1404053079,
1405516688,
1405766993,
1406548449,
1406557833,
1406757308,
1407119336,
1408450421,
1410061708,
1410831795,
1418473104,
1419653879,
1421177122,
1422668164,
1426012668,
1426150135,
1426660839,
1427954933,
1431049501,
1431826655,
1432599526,
1433823915,
1434830775,
1436225959,
1437221902,
1441892544,
1444380632,
1448112878,
1456305265,
1457357271,
1458674669,
1460085639,
1460750340,
1460923600,
1463275599,
1465010109,
1465289392,
1466345671,
1467628858,
1471466680,
1475120656,
1475136095,
1475140568,
1475846904,
1478476536,
1478542742,
1480952999,
1481752087,
1484541259,
1487258921,
1488471846,
1488668446,
1488987083,
1494445112,
1494666892,
1494703207,
1496597558,
1499688292,
1504193055,
1507884728,
1509952594,
1510430136,
1510727362,
1513371832,
1515383809,
1515479909,
1515566535,
1519981092,
1520862542,
1522373026,
1528306636,
1528307781,
1528465316,
1529195027,
1530556138,
1532379946,
1532923071,
1535278172,
1536314404,
1540911011,
1541390034,
1541532673,
1551676339,
1552869177,
1553690126,
1554290406,
1554484871,
1556678701,
1556954723,
1559996745,
1563068971,
1563631595,
1564663121,
1564881035,
1565431904,
1567058324,
1576621069,
1578032524,
1578208748,
1579719807,
1583997707,
1584885403,
1585168892,
1590492436,
1592602060,
1592817613,
1594351694,
1599150429,
1603771921,
1604941144,
1606695456,
1611559896,
1618947823,
1621385392,
1621998064,
1625130994,
1626493120,
1632269150,
1635927714,
1641935945,
1643404572,
1643906377,
1645225092,
1645606891,
1648709089,
1649915358,
1653407338,
1655145231,
1659108019,
1660073622,
1660698452,
1661384959,
1663896203,
1665710642,
1667923018,
1669679944,
1671554828,
1672638359,
1673453304,
1675197532,
1675492036,
1675833613,
1677512490,
1677519506,
1682148379,
1683603533,
1688770622,
1689466685,
1689945305,
1691174851,
1693614219,
1694213602,
1699647369,
1699828684,
1703360595,
1707479062,
1707638782,
1712942023,
1715511353,
1716080827,
1717435153,
1725758407,
1728691722,
1728894772,
1729540239,
1732603854,
1732616741,
1734686869,
1741686808,
1742263240,
1742888092,
1743582266,
1746740332,
1748702900,
1750125246,
1750719769,
1752465086,
1762052902,
1762323353,
1763254737,
1764151967,
1766351969,
1772266506,
1775301343,
1775813315,
1781009444,
1783792746,
1784150876,
1788100275,
1789079638,
1790037412,
1791599401,
1793276295,
1798110265,
1799818715,
1805443372,
1807508420,
1810423089,
1812833252,
1813626616,
1820295296,
1823190507,
1828631827,
1830132692,
1833673508,
1844809485,
1845590915,
1846422721,
1850268054,
1850840997,
1851779201,
1852187728,
1852192854,
1853999591,
1854819538,
1856970273,
1859572332,
1860598915,
1866013315,
1867989131,
1874825608,
1875743585,
1879227303,
1881589727,
1882120102,
1883044049,
1884377843,
1889713642,
1891753924,
1893880956,
1896375944,
1897003760,
1899369504,
1900460132,
1900716633,
1902977911,
1903450029,
1905982285,
1906505480,
1920352834,
1923025157,
1924608932,
1924879371,
1929872462,
1931876123,
1933831276,
1933921081,
1934738702,
1937336236,
1938041087,
1939757886,
1939822802,
1940143262,
1940673050,
1945869989,
1946081895,
1948985412,
1949348495,
1949789612,
1951977878,
1954122986,
1958531916,
1964619432,
1966407031,
1967993510,
1968107793,
1982438052,
1982515604,
1986330427,
1986786803,
1988070301,
1988906289,
1995550394,
1995739591,
1997025874,
2010361788,
2013530677,
2014427373,
2015500667,
2017300040,
2018821687,
2018941748,
2022681319,
2024082194,
2025609330,
2033672887,
2040172649,
2040271477,
2040564828,
2041226529,
2042687165,
2045866908,
2049505172,
2052582288,
2054737653,
2055947545,
2057188081,
2058219584,
2058415272,
2061965134,
2062843901,
2063346325,
2065346102,
2072227992,
2082021697,
2085765579,
2087087530,
2087552679,
2087580930,
2090172401,
2091446126,
2092385135,
2096131319,
2096814888,
2097648681,
2097710707,
2098014402,
2099399776,
2099743638,
2100822327,
2100864884,
2102890910,
2102894809,
2104172727,
2104438880,
2108631458,
2109561553,
2110275830,
2110927358,
2111788409,
2115098309,
2120919297,
2121406362,
2121459957,
2129205524,
2131535438,
2131620928,
2132077664,
2134511151,
2137240341,
2137636313,
2137986498,
2138815335,
2139675782,
2142261107,
2144843514,
2145135802,
